Date,Start (ET),Visitor/Neutral,PTS,Home/Neutral,PTS,,,Attend.,Notes
Tue Oct 17 2017,8:01p,Boston Celtics,99,Cleveland Cavaliers,102,Box Score,,20562,
Tue Oct 17 2017,10:30p,Houston Rockets,122,Golden State Warriors,121,Box Score,,19596,
Wed Oct 18 2017,7:30p,Milwaukee Bucks,108,Boston Celtics,100,Box Score,,18624,
Wed Oct 18 2017,8:30p,Atlanta Hawks,117,Dallas Mavericks,111,Box Score,,19709,
Wed Oct 18 2017,7:00p,Charlotte Hornets,90,Detroit Pistons,102,Box Score,,20491,
Wed Oct 18 2017,7:00p,Brooklyn Nets,131,Indiana Pacers,140,Box Score,,15008,
Wed Oct 18 2017,8:00p,New Orleans Pelicans,91,Memphis Grizzlies,103,Box Score,,17794,
Wed Oct 18 2017,7:00p,Miami Heat,109,Orlando Magic,116,Box Score,,18846,
Wed Oct 18 2017,10:00p,Portland Trail Blazers,124,Phoenix Suns,76,Box Score,,18055,
Wed Oct 18 2017,10:00p,Houston Rockets,105,Sacramento Kings,100,Box Score,,17583,
Wed Oct 18 2017,9:30p,Minnesota Timberwolves,99,San Antonio Spurs,107,Box Score,,18418,
Wed Oct 18 2017,9:00p,Denver Nuggets,96,Utah Jazz,106,Box Score,,17588,
Wed Oct 18 2017,7:00p,Philadelphia 76ers,115,Washington Wizards,120,Box Score,,20356,
Thu Oct 19 2017,10:30p,Los Angeles Clippers,108,Los Angeles Lakers,92,Box Score,,18997,
Thu Oct 19 2017,8:00p,New York Knicks,84,Oklahoma City Thunder,105,Box Score,,18203,
Thu Oct 19 2017,7:30p,Chicago Bulls,100,Toronto Raptors,117,Box Score,,19800,
Fri Oct 20 2017,7:30p,Orlando Magic,121,Brooklyn Nets,126,Box Score,,16144,
Fri Oct 20 2017,7:00p,Atlanta Hawks,91,Charlotte Hornets,109,Box Score,,18417,
Fri Oct 20 2017,8:30p,Sacramento Kings,93,Dallas Mavericks,88,Box Score,,19273,
Fri Oct 20 2017,7:00p,Portland Trail Blazers,114,Indiana Pacers,96,Box Score,,15325,
Fri Oct 20 2017,7:00p,Cleveland Cavaliers,116,Milwaukee Bucks,97,Box Score,,18717,
Fri Oct 20 2017,8:00p,Utah Jazz,97,Minnesota Timberwolves,100,Box Score,,18978,
Fri Oct 20 2017,9:30p,Golden State Warriors,128,New Orleans Pelicans,120,Box Score,,18171,
Fri Oct 20 2017,7:00p,Boston Celtics,102,Philadelphia 76ers,92,Box Score,,20816,
Fri Oct 20 2017,10:00p,Los Angeles Lakers,132,Phoenix Suns,130,Box Score,,18055,
Fri Oct 20 2017,7:00p,Detroit Pistons,111,Washington Wizards,115,Box Score,,16337,
Sat Oct 21 2017,8:00p,San Antonio Spurs,87,Chicago Bulls,77,Box Score,,21640,
Sat Oct 21 2017,8:00p,Orlando Magic,114,Cleveland Cavaliers,93,Box Score,,20562,
Sat Oct 21 2017,9:00p,Sacramento Kings,79,Denver Nuggets,96,Box Score,,19520,
Sat Oct 21 2017,8:00p,Dallas Mavericks,91,Houston Rockets,107,Box Score,,18055,
Sat Oct 21 2017,10:30p,Phoenix Suns,88,Los Angeles Clippers,130,Box Score,,19068,
Sat Oct 21 2017,8:00p,Golden State Warriors,101,Memphis Grizzlies,111,Box Score,,17794,
Sat Oct 21 2017,8:00p,Indiana Pacers,108,Miami Heat,112,Box Score,,19600,
Sat Oct 21 2017,8:30p,Portland Trail Blazers,110,Milwaukee Bucks,113,Box Score,,16211,
Sat Oct 21 2017,8:00p,Detroit Pistons,111,New York Knicks,107,Box Score,,19812,
Sat Oct 21 2017,7:30p,Philadelphia 76ers,94,Toronto Raptors,128,Box Score,,19800,
Sat Oct 21 2017,9:00p,Oklahoma City Thunder,87,Utah Jazz,96,Box Score,,18300,
Sun Oct 22 2017,3:30p,Atlanta Hawks,104,Brooklyn Nets,116,Box Score,,13917,
Sun Oct 22 2017,9:30p,New Orleans Pelicans,119,Los Angeles Lakers,112,Box Score,,18997,
Sun Oct 22 2017,7:00p,Minnesota Timberwolves,115,Oklahoma City Thunder,113,Box Score,,18203,
Mon Oct 23 2017,8:30p,Golden State Warriors,133,Dallas Mavericks,103,Box Score,,19875,
Mon Oct 23 2017,9:00p,Washington Wizards,109,Denver Nuggets,104,Box Score,,14294,
Mon Oct 23 2017,7:00p,Philadelphia 76ers,97,Detroit Pistons,86,Box Score,,13709,
Mon Oct 23 2017,8:00p,Memphis Grizzlies,98,Houston Rockets,90,Box Score,,17129,
Mon Oct 23 2017,7:30p,Atlanta Hawks,93,Miami Heat,104,Box Score,,19600,
Mon Oct 23 2017,8:00p,Charlotte Hornets,94,Milwaukee Bucks,103,Box Score,,12887,
Mon Oct 23 2017,10:00p,Sacramento Kings,115,Phoenix Suns,117,Box Score,,14903,
Mon Oct 23 2017,8:30p,Toronto Raptors,97,San Antonio Spurs,101,Box Score,,18418,
Tue Oct 24 2017,7:30p,New York Knicks,89,Boston Celtics,110,Box Score,,18624,
Tue Oct 24 2017,7:00p,Chicago Bulls,112,Cleveland Cavaliers,119,Box Score,,20562,
Tue Oct 24 2017,10:30p,Utah Jazz,84,Los Angeles Clippers,102,Box Score,,16607,
Tue Oct 24 2017,8:00p,Indiana Pacers,130,Minnesota Timberwolves,107,Box Score,,14353,
Tue Oct 24 2017,7:00p,Brooklyn Nets,121,Orlando Magic,125,Box Score,,16015,
Tue Oct 24 2017,10:00p,New Orleans Pelicans,93,Portland Trail Blazers,103,Box Score,,19446,
Wed Oct 25 2017,7:30p,Cleveland Cavaliers,107,Brooklyn Nets,112,Box Score,,17732,
Wed Oct 25 2017,7:00p,Denver Nuggets,93,Charlotte Hornets,110,Box Score,,14253,
Wed Oct 25 2017,8:30p,Memphis Grizzlies,94,Dallas Mavericks,103,Box Score,,19674,
Wed Oct 25 2017,7:00p,Minnesota Timberwolves,101,Detroit Pistons,122,Box Score,,13790,
Wed Oct 25 2017,10:30p,Toronto Raptors,112,Golden State Warriors,117,Box Score,,19596,
Wed Oct 25 2017,10:30p,Washington Wizards,99,Los Angeles Lakers,102,Box Score,OT,18996,
Wed Oct 25 2017,8:00p,San Antonio Spurs,117,Miami Heat,100,Box Score,,19600,
Wed Oct 25 2017,8:00p,Indiana Pacers,96,Oklahoma City Thunder,114,Box Score,,18203,
Wed Oct 25 2017,7:00p,Houston Rockets,105,Philadelphia 76ers,104,Box Score,,20682,
Wed Oct 25 2017,10:00p,Utah Jazz,88,Phoenix Suns,97,Box Score,,16022,
Thu Oct 26 2017,8:00p,Atlanta Hawks,86,Chicago Bulls,91,Box Score,,21104,
Thu Oct 26 2017,8:00p,Dallas Mavericks,91,Memphis Grizzlies,96,Box Score,,15839,
Thu Oct 26 2017,8:00p,Boston Celtics,96,Milwaukee Bucks,89,Box Score,,11046,
Thu Oct 26 2017,10:00p,Los Angeles Clippers,104,Portland Trail Blazers,103,Box Score,,18694,
Thu Oct 26 2017,10:30p,New Orleans Pelicans,114,Sacramento Kings,106,Box Score,,17583,
Fri Oct 27 2017,7:30p,Denver Nuggets,105,Atlanta Hawks,100,Box Score,,16220,
Fri Oct 27 2017,7:00p,Houston Rockets,109,Charlotte Hornets,93,Box Score,,17339,
Fri Oct 27 2017,10:30p,Washington Wizards,117,Golden State Warriors,120,Box Score,,19596,
Fri Oct 27 2017,10:30p,Toronto Raptors,101,Los Angeles Lakers,92,Box Score,,17876,
Fri Oct 27 2017,8:00p,Oklahoma City Thunder,116,Minnesota Timberwolves,119,Box Score,,17620,
Fri Oct 27 2017,7:30p,Brooklyn Nets,86,New York Knicks,107,Box Score,,19812,
Fri Oct 27 2017,7:00p,San Antonio Spurs,87,Orlando Magic,114,Box Score,,17337,
Sat Oct 28 2017,8:00p,Oklahoma City Thunder,101,Chicago Bulls,69,Box Score,,21706,
Sat Oct 28 2017,8:30p,Philadelphia 76ers,112,Dallas Mavericks,110,Box Score,,19567,
Sat Oct 28 2017,10:30p,Detroit Pistons,95,Los Angeles Clippers,87,Box Score,,17247,
Sat Oct 28 2017,8:00p,Houston Rockets,89,Memphis Grizzlies,103,Box Score,,17033,
Sat Oct 28 2017,8:00p,Boston Celtics,96,Miami Heat,90,Box Score,,19600,
Sat Oct 28 2017,7:00p,Cleveland Cavaliers,101,New Orleans Pelicans,123,Box Score,,18539,
Sat Oct 28 2017,10:00p,Phoenix Suns,107,Portland Trail Blazers,114,Box Score,,19343,
Sat Oct 28 2017,9:00p,Los Angeles Lakers,81,Utah Jazz,96,Box Score,,18306,
Sun Oct 29 2017,3:30p,Milwaukee Bucks,117,Atlanta Hawks,106,Box Score,,14014,
Sun Oct 29 2017,6:00p,Denver Nuggets,124,Brooklyn Nets,111,Box Score,,14854,
Sun Oct 29 2017,6:00p,Orlando Magic,113,Charlotte Hornets,120,Box Score,,15531,
Sun Oct 29 2017,7:00p,New York Knicks,114,Cleveland Cavaliers,95,Box Score,,20562,
Sun Oct 29 2017,8:30p,Detroit Pistons,115,Golden State Warriors,107,Box Score,,19596,
Sun Oct 29 2017,4:30p,San Antonio Spurs,94,Indiana Pacers,97,Box Score,,15013,
Sun Oct 29 2017,6:00p,Washington Wizards,110,Sacramento Kings,83,Box Score,,17583,
Mon Oct 30 2017,7:30p,San Antonio Spurs,94,Boston Celtics,108,Box Score,,18624,
Mon Oct 30 2017,8:00p,Philadelphia 76ers,115,Houston Rockets,107,Box Score,,16714,
Mon Oct 30 2017,10:30p,Golden State Warriors,141,Los Angeles Clippers,113,Box Score,,19068,
Mon Oct 30 2017,8:00p,Charlotte Hornets,104,Memphis Grizzlies,99,Box Score,,15771,
Mon Oct 30 2017,7:30p,Minnesota Timberwolves,125,Miami Heat,122,Box Score,OT,19600,
Mon Oct 30 2017,8:00p,Orlando Magic,115,New Orleans Pelicans,99,Box Score,,14004,
Mon Oct 30 2017,7:30p,Denver Nuggets,110,New York Knicks,116,Box Score,,19812,
Mon Oct 30 2017,10:00p,Toronto Raptors,99,Portland Trail Blazers,85,Box Score,,18505,
Mon Oct 30 2017,9:00p,Dallas Mavericks,89,Utah Jazz,104,Box Score,,16221,
Tue Oct 31 2017,7:30p,Phoenix Suns,122,Brooklyn Nets,114,Box Score,,12936,
Tue Oct 31 2017,7:00p,Sacramento Kings,83,Indiana Pacers,101,Box Score,,12245,
Tue Oct 31 2017,10:30p,Detroit Pistons,93,Los Angeles Lakers,113,Box Score,,17569,
Tue Oct 31 2017,8:00p,Oklahoma City Thunder,110,Milwaukee Bucks,91,Box Score,,16713,
Wed Nov 1 2017,7:30p,Sacramento Kings,86,Boston Celtics,113,Box Score,,18624,
Wed Nov 1 2017,7:00p,Milwaukee Bucks,121,Charlotte Hornets,126,Box Score,,15655,
Wed Nov 1 2017,7:00p,Indiana Pacers,124,Cleveland Cavaliers,107,Box Score,,20562,
Wed Nov 1 2017,9:00p,Toronto Raptors,111,Denver Nuggets,129,Box Score,,14072,
Wed Nov 1 2017,10:30p,Dallas Mavericks,98,Los Angeles Clippers,119,Box Score,,13487,
Wed Nov 1 2017,8:00p,Orlando Magic,101,Memphis Grizzlies,99,Box Score,,15434,
Wed Nov 1 2017,7:30p,Chicago Bulls,91,Miami Heat,97,Box Score,,19600,
Wed Nov 1 2017,8:00p,Minnesota Timberwolves,104,New Orleans Pelicans,98,Box Score,,14788,
Wed Nov 1 2017,8:00p,Houston Rockets,119,New York Knicks,97,Box Score,,18320,
Wed Nov 1 2017,7:00p,Atlanta Hawks,109,Philadelphia 76ers,119,Box Score,,20549,
Wed Nov 1 2017,9:00p,Portland Trail Blazers,103,Utah Jazz,112,Box Score,OT,16685,
Wed Nov 1 2017,7:00p,Phoenix Suns,122,Washington Wizards,116,Box Score,,14790,
Thu Nov 2 2017,10:30p,Los Angeles Lakers,110,Portland Trail Blazers,113,Box Score,,19469,
Thu Nov 2 2017,8:00p,Golden State Warriors,112,San Antonio Spurs,92,Box Score,,18418,
Fri Nov 3 2017,7:30p,Houston Rockets,119,Atlanta Hawks,104,Box Score,,14087,
Fri Nov 3 2017,8:30p,New Orleans Pelicans,99,Dallas Mavericks,94,Box Score,,19894,
Fri Nov 3 2017,9:00p,Miami Heat,94,Denver Nuggets,95,Box Score,,15317,
Fri Nov 3 2017,7:00p,Milwaukee Bucks,96,Detroit Pistons,105,Box Score,,17207,
Fri Nov 3 2017,10:30p,Brooklyn Nets,112,Los Angeles Lakers,124,Box Score,,18997,
Fri Nov 3 2017,7:30p,Phoenix Suns,107,New York Knicks,120,Box Score,,19404,
Fri Nov 3 2017,9:30p,Boston Celtics,101,Oklahoma City Thunder,94,Box Score,,18203,
Fri Nov 3 2017,7:00p,Chicago Bulls,105,Orlando Magic,83,Box Score,,19171,
Fri Nov 3 2017,7:00p,Indiana Pacers,110,Philadelphia 76ers,121,Box Score,,20668,
Fri Nov 3 2017,8:30p,Charlotte Hornets,101,San Antonio Spurs,108,Box Score,,18418,
Fri Nov 3 2017,9:00p,Toronto Raptors,109,Utah Jazz,100,Box Score,,16258,
Fri Nov 3 2017,7:00p,Cleveland Cavaliers,130,Washington Wizards,122,Box Score,,20356,
Sat Nov 4 2017,8:00p,New Orleans Pelicans,96,Chicago Bulls,90,Box Score,OT,21254,
Sat Nov 4 2017,9:00p,Golden State Warriors,127,Denver Nuggets,108,Box Score,,19711,
Sat Nov 4 2017,7:00p,Sacramento Kings,99,Detroit Pistons,108,Box Score,,17683,
Sat Nov 4 2017,3:30p,Memphis Grizzlies,113,Los Angeles Clippers,104,Box Score,,14777,
Sat Nov 4 2017,8:00p,Dallas Mavericks,99,Minnesota Timberwolves,112,Box Score,,16837,
Sun Nov 5 2017,3:00p,Atlanta Hawks,117,Cleveland Cavaliers,115,Box Score,,20562,
Sun Nov 5 2017,7:00p,Utah Jazz,110,Houston Rockets,137,Box Score,,16914,
Sun Nov 5 2017,3:30p,Miami Heat,104,Los Angeles Clippers,101,Box Score,,15676,
Sun Nov 5 2017,9:30p,Memphis Grizzlies,102,Los Angeles Lakers,107,Box Score,,18997,
Sun Nov 5 2017,8:00p,Charlotte Hornets,94,Minnesota Timberwolves,112,Box Score,,14124,
Sun Nov 5 2017,7:30p,Indiana Pacers,101,New York Knicks,108,Box Score,,17889,
Sun Nov 5 2017,6:00p,Boston Celtics,104,Orlando Magic,88,Box Score,,17731,
Sun Nov 5 2017,9:00p,Oklahoma City Thunder,99,Portland Trail Blazers,103,Box Score,,19393,
Sun Nov 5 2017,7:00p,Phoenix Suns,95,San Antonio Spurs,112,Box Score,,18038,
Sun Nov 5 2017,6:00p,Washington Wizards,107,Toronto Raptors,96,Box Score,,19800,
Mon Nov 6 2017,7:30p,Boston Celtics,110,Atlanta Hawks,107,Box Score,,13215,
Mon Nov 6 2017,10:30p,Miami Heat,80,Golden State Warriors,97,Box Score,,19596,
Mon Nov 6 2017,9:00p,Brooklyn Nets,98,Phoenix Suns,92,Box Score,,15905,
Tue Nov 7 2017,7:00p,Milwaukee Bucks,119,Cleveland Cavaliers,124,Box Score,,20562,
Tue Nov 7 2017,9:00p,Brooklyn Nets,104,Denver Nuggets,112,Box Score,,14058,
Tue Nov 7 2017,7:00p,New Orleans Pelicans,117,Indiana Pacers,112,Box Score,,15014,
Tue Nov 7 2017,7:30p,Charlotte Hornets,113,New York Knicks,118,Box Score,,18704,
Tue Nov 7 2017,10:00p,Memphis Grizzlies,98,Portland Trail Blazers,97,Box Score,,18692,
Tue Nov 7 2017,10:00p,Oklahoma City Thunder,86,Sacramento Kings,94,Box Score,,17583,
Tue Nov 7 2017,8:30p,Los Angeles Clippers,107,San Antonio Spurs,120,Box Score,,18418,
Tue Nov 7 2017,7:30p,Chicago Bulls,114,Toronto Raptors,119,Box Score,,19800,
Tue Nov 7 2017,9:00p,Philadelphia 76ers,104,Utah Jazz,97,Box Score,,16063,
Tue Nov 7 2017,7:00p,Dallas Mavericks,113,Washington Wizards,99,Box Score,,14505,
Wed Nov 8 2017,8:00p,Los Angeles Lakers,96,Boston Celtics,107,Box Score,,18624,
Wed Nov 8 2017,7:00p,Indiana Pacers,97,Detroit Pistons,114,Box Score,,14407,
Wed Nov 8 2017,10:30p,Minnesota Timberwolves,101,Golden State Warriors,125,Box Score,,19596,
Wed Nov 8 2017,7:00p,New York Knicks,99,Orlando Magic,112,Box Score,,18803,
Wed Nov 8 2017,9:00p,Miami Heat,126,Phoenix Suns,115,Box Score,,16500,
Thu Nov 9 2017,10:30p,Oklahoma City Thunder,94,Denver Nuggets,102,Box Score,,19520,
Thu Nov 9 2017,8:00p,Cleveland Cavaliers,113,Houston Rockets,117,Box Score,,18055,
Thu Nov 9 2017,10:00p,Philadelphia 76ers,108,Sacramento Kings,109,Box Score,,17583,
Thu Nov 9 2017,7:30p,New Orleans Pelicans,118,Toronto Raptors,122,Box Score,,19800,
Thu Nov 9 2017,7:00p,Los Angeles Lakers,95,Washington Wizards,111,Box Score,,20356,
Fri Nov 10 2017,7:30p,Charlotte Hornets,87,Boston Celtics,90,Box Score,,18624,
Fri Nov 10 2017,8:00p,Indiana Pacers,105,Chicago Bulls,87,Box Score,,22416,
Fri Nov 10 2017,7:00p,Atlanta Hawks,104,Detroit Pistons,111,Box Score,,16687,
Fri Nov 10 2017,9:00p,Los Angeles Clippers,111,Oklahoma City Thunder,120,Box Score,,18203,
Fri Nov 10 2017,9:00p,Orlando Magic,128,Phoenix Suns,112,Box Score,,16507,
Fri Nov 10 2017,10:00p,Brooklyn Nets,101,Portland Trail Blazers,97,Box Score,,19393,
Fri Nov 10 2017,9:00p,Milwaukee Bucks,94,San Antonio Spurs,87,Box Score,,18418,
Fri Nov 10 2017,9:00p,Miami Heat,84,Utah Jazz,74,Box Score,,18306,
Sat Nov 11 2017,8:30p,Cleveland Cavaliers,111,Dallas Mavericks,104,Box Score,,20378,
Sat Nov 11 2017,9:00p,Orlando Magic,107,Denver Nuggets,125,Box Score,,16688,
Sat Nov 11 2017,8:30p,Philadelphia 76ers,114,Golden State Warriors,135,Box Score,,19596,
Sat Nov 11 2017,8:00p,Memphis Grizzlies,96,Houston Rockets,111,Box Score,,18055,
Sat Nov 11 2017,8:30p,Los Angeles Lakers,90,Milwaukee Bucks,98,Box Score,,18717,
Sat Nov 11 2017,7:00p,Los Angeles Clippers,103,New Orleans Pelicans,111,Box Score,,17624,
Sat Nov 11 2017,8:00p,Sacramento Kings,91,New York Knicks,118,Box Score,,19812,
Sat Nov 11 2017,9:00p,Minnesota Timberwolves,110,Phoenix Suns,118,Box Score,,16910,
Sat Nov 11 2017,8:30p,Chicago Bulls,94,San Antonio Spurs,133,Box Score,,18418,
Sat Nov 11 2017,9:00p,Brooklyn Nets,106,Utah Jazz,114,Box Score,,17413,
Sat Nov 11 2017,7:00p,Atlanta Hawks,94,Washington Wizards,113,Box Score,,17260,
Sun Nov 12 2017,3:30p,Toronto Raptors,94,Boston Celtics,95,Box Score,,18624,
Sun Nov 12 2017,4:00p,Miami Heat,103,Detroit Pistons,112,Box Score,,16236,
Sun Nov 12 2017,6:00p,Houston Rockets,118,Indiana Pacers,95,Box Score,,15581,
Sun Nov 12 2017,7:00p,Dallas Mavericks,99,Oklahoma City Thunder,112,Box Score,,18203,
Mon Nov 13 2017,10:30p,Orlando Magic,100,Golden State Warriors,110,Box Score,,19596,
Mon Nov 13 2017,10:30p,Philadelphia 76ers,109,Los Angeles Clippers,105,Box Score,,19068,
Mon Nov 13 2017,8:00p,Memphis Grizzlies,103,Milwaukee Bucks,110,Box Score,,13244,
Mon Nov 13 2017,8:00p,Atlanta Hawks,105,New Orleans Pelicans,106,Box Score,,14631,
Mon Nov 13 2017,7:30p,Cleveland Cavaliers,104,New York Knicks,101,Box Score,,19812,
Mon Nov 13 2017,9:00p,Los Angeles Lakers,100,Phoenix Suns,93,Box Score,,17533,
Mon Nov 13 2017,10:00p,Denver Nuggets,82,Portland Trail Blazers,99,Box Score,,18895,
Mon Nov 13 2017,9:00p,Minnesota Timberwolves,109,Utah Jazz,98,Box Score,,17236,
Mon Nov 13 2017,7:00p,Sacramento Kings,92,Washington Wizards,110,Box Score,,14660,
Tue Nov 14 2017,7:30p,Boston Celtics,109,Brooklyn Nets,102,Box Score,,17732,
Tue Nov 14 2017,8:30p,San Antonio Spurs,97,Dallas Mavericks,91,Box Score,,19535,
Tue Nov 14 2017,8:00p,Toronto Raptors,129,Houston Rockets,113,Box Score,,18055,
Wed Nov 15 2017,7:30p,Sacramento Kings,80,Atlanta Hawks,126,Box Score,,13860,
Wed Nov 15 2017,8:00p,Cleveland Cavaliers,115,Charlotte Hornets,107,Box Score,,19427,
Wed Nov 15 2017,10:30p,Philadelphia 76ers,115,Los Angeles Lakers,109,Box Score,,18997,
Wed Nov 15 2017,8:00p,Indiana Pacers,116,Memphis Grizzlies,113,Box Score,,16033,
Wed Nov 15 2017,7:30p,Washington Wizards,102,Miami Heat,93,Box Score,,19600,
Wed Nov 15 2017,8:00p,Detroit Pistons,95,Milwaukee Bucks,99,Box Score,,14594,
Wed Nov 15 2017,8:00p,San Antonio Spurs,86,Minnesota Timberwolves,98,Box Score,,18978,
Wed Nov 15 2017,8:00p,Toronto Raptors,125,New Orleans Pelicans,116,Box Score,,15654,
Wed Nov 15 2017,7:30p,Utah Jazz,101,New York Knicks,106,Box Score,,18695,
Wed Nov 15 2017,8:00p,Chicago Bulls,79,Oklahoma City Thunder,92,Box Score,,18203,
Wed Nov 15 2017,10:00p,Orlando Magic,94,Portland Trail Blazers,99,Box Score,,19206,
Thu Nov 16 2017,8:00p,Golden State Warriors,88,Boston Celtics,92,Box Score,,18624,
Thu Nov 16 2017,10:30p,Houston Rockets,142,Phoenix Suns,116,Box Score,,16875,
Fri Nov 17 2017,7:30p,Utah Jazz,107,Brooklyn Nets,118,Box Score,,14495,
Fri Nov 17 2017,8:00p,Charlotte Hornets,120,Chicago Bulls,123,Box Score,,20493,
Fri Nov 17 2017,7:30p,Los Angeles Clippers,113,Cleveland Cavaliers,118,Box Score,OT,20562,
Fri Nov 17 2017,8:30p,Minnesota Timberwolves,111,Dallas Mavericks,87,Box Score,,19459,
Fri Nov 17 2017,10:30p,New Orleans Pelicans,114,Denver Nuggets,146,Box Score,,16816,
Fri Nov 17 2017,7:00p,Detroit Pistons,100,Indiana Pacers,107,Box Score,,17188,
Fri Nov 17 2017,10:30p,Phoenix Suns,122,Los Angeles Lakers,113,Box Score,,18997,
Fri Nov 17 2017,10:00p,Portland Trail Blazers,82,Sacramento Kings,86,Box Score,,17583,
Fri Nov 17 2017,8:00p,Oklahoma City Thunder,101,San Antonio Spurs,104,Box Score,,18418,
Fri Nov 17 2017,7:30p,New York Knicks,84,Toronto Raptors,107,Box Score,,19800,
Fri Nov 17 2017,7:00p,Miami Heat,91,Washington Wizards,88,Box Score,,17551,
Sat Nov 18 2017,7:30p,Boston Celtics,110,Atlanta Hawks,99,Box Score,,16381,
Sat Nov 18 2017,7:00p,Los Angeles Clippers,87,Charlotte Hornets,102,Box Score,,17640,
Sat Nov 18 2017,9:00p,Milwaukee Bucks,79,Dallas Mavericks,111,Box Score,,19949,
Sat Nov 18 2017,8:00p,Houston Rockets,105,Memphis Grizzlies,83,Box Score,,17266,
Sat Nov 18 2017,7:00p,Utah Jazz,125,Orlando Magic,85,Box Score,,19157,
Sat Nov 18 2017,7:30p,Golden State Warriors,124,Philadelphia 76ers,116,Box Score,,20848,
Sat Nov 18 2017,10:00p,Sacramento Kings,90,Portland Trail Blazers,102,Box Score,,19522,
Sun Nov 19 2017,6:00p,Golden State Warriors,118,Brooklyn Nets,111,Box Score,,17732,
Sun Nov 19 2017,9:30p,Denver Nuggets,109,Los Angeles Lakers,127,Box Score,,18997,
Sun Nov 19 2017,5:00p,Indiana Pacers,120,Miami Heat,95,Box Score,,19600,
Sun Nov 19 2017,7:00p,Detroit Pistons,100,Minnesota Timberwolves,97,Box Score,,16069,
Sun Nov 19 2017,8:00p,Chicago Bulls,105,Phoenix Suns,113,Box Score,,16264,
Sun Nov 19 2017,3:30p,Washington Wizards,91,Toronto Raptors,100,Box Score,,19800,
Mon Nov 20 2017,7:00p,Minnesota Timberwolves,102,Charlotte Hornets,118,Box Score,,15978,
Mon Nov 20 2017,8:30p,Boston Celtics,110,Dallas Mavericks,102,Box Score,OT,20302,
Mon Nov 20 2017,7:00p,Cleveland Cavaliers,116,Detroit Pistons,88,Box Score,,20491,
Mon Nov 20 2017,8:00p,Portland Trail Blazers,100,Memphis Grizzlies,92,Box Score,,15785,
Mon Nov 20 2017,8:00p,Washington Wizards,99,Milwaukee Bucks,88,Box Score,,16122,
Mon Nov 20 2017,8:00p,Oklahoma City Thunder,107,New Orleans Pelicans,114,Box Score,,16765,
Mon Nov 20 2017,7:30p,Los Angeles Clippers,85,New York Knicks,107,Box Score,,18848,
Mon Nov 20 2017,7:00p,Indiana Pacers,105,Orlando Magic,97,Box Score,,17239,
Mon Nov 20 2017,7:00p,Utah Jazz,86,Philadelphia 76ers,107,Box Score,,20587,
Mon Nov 20 2017,10:00p,Denver Nuggets,114,Sacramento Kings,98,Box Score,,17583,
Mon Nov 20 2017,8:30p,Atlanta Hawks,85,San Antonio Spurs,96,Box Score,,18418,
Tue Nov 21 2017,10:30p,Chicago Bulls,94,Los Angeles Lakers,103,Box Score,,18997,
Wed Nov 22 2017,7:30p,Los Angeles Clippers,116,Atlanta Hawks,103,Box Score,,12675,
Wed Nov 22 2017,7:00p,Washington Wizards,124,Charlotte Hornets,129,Box Score,OT,16041,
Wed Nov 22 2017,7:00p,Brooklyn Nets,109,Cleveland Cavaliers,119,Box Score,,20562,
Wed Nov 22 2017,8:00p,Denver Nuggets,95,Houston Rockets,125,Box Score,,18055,
Wed Nov 22 2017,8:00p,Dallas Mavericks,95,Memphis Grizzlies,94,Box Score,,16101,
Wed Nov 22 2017,7:30p,Boston Celtics,98,Miami Heat,104,Box Score,,19704,
Wed Nov 22 2017,8:00p,Orlando Magic,118,Minnesota Timberwolves,124,Box Score,,16402,
Wed Nov 22 2017,8:00p,San Antonio Spurs,90,New Orleans Pelicans,107,Box Score,,17539,
Wed Nov 22 2017,7:30p,Toronto Raptors,100,New York Knicks,108,Box Score,,19812,
Wed Nov 22 2017,8:00p,Golden State Warriors,91,Oklahoma City Thunder,108,Box Score,,18203,
Wed Nov 22 2017,7:00p,Portland Trail Blazers,81,Philadelphia 76ers,101,Box Score,,20605,
Wed Nov 22 2017,9:00p,Milwaukee Bucks,113,Phoenix Suns,107,Box Score,OT,16270,
Wed Nov 22 2017,10:30p,Los Angeles Lakers,102,Sacramento Kings,113,Box Score,,17583,
Wed Nov 22 2017,9:00p,Chicago Bulls,80,Utah Jazz,110,Box Score,,17434,
Fri Nov 24 2017,7:30p,New York Knicks,104,Atlanta Hawks,116,Box Score,,14355,
Fri Nov 24 2017,7:30p,Orlando Magic,103,Boston Celtics,118,Box Score,,18624,
Fri Nov 24 2017,12:00p,Portland Trail Blazers,127,Brooklyn Nets,125,Box Score,,15246,
Fri Nov 24 2017,8:00p,Charlotte Hornets,99,Cleveland Cavaliers,100,Box Score,,20562,
Fri Nov 24 2017,9:00p,Memphis Grizzlies,92,Denver Nuggets,104,Box Score,,16736,
Fri Nov 24 2017,10:30p,Chicago Bulls,94,Golden State Warriors,143,Box Score,,19596,
Fri Nov 24 2017,8:00p,Toronto Raptors,104,Indiana Pacers,107,Box Score,,16523,
Fri Nov 24 2017,8:00p,Miami Heat,109,Minnesota Timberwolves,97,Box Score,,18978,
Fri Nov 24 2017,8:00p,Detroit Pistons,99,Oklahoma City Thunder,98,Box Score,,18203,
Fri Nov 24 2017,9:00p,New Orleans Pelicans,115,Phoenix Suns,91,Box Score,,16574,
Sat Nov 25 2017,7:30p,Toronto Raptors,112,Atlanta Hawks,78,Box Score,,12278,
Sat Nov 25 2017,7:00p,San Antonio Spurs,106,Charlotte Hornets,86,Box Score,,18597,
Sat Nov 25 2017,8:30p,Oklahoma City Thunder,81,Dallas Mavericks,97,Box Score,,20340,
Sat Nov 25 2017,8:30p,New Orleans Pelicans,95,Golden State Warriors,110,Box Score,,19596,
Sat Nov 25 2017,8:00p,New York Knicks,102,Houston Rockets,117,Box Score,,18055,
Sat Nov 25 2017,8:00p,Boston Celtics,108,Indiana Pacers,98,Box Score,,16303,
Sat Nov 25 2017,7:00p,Orlando Magic,111,Philadelphia 76ers,130,Box Score,,20585,
Sat Nov 25 2017,10:00p,Los Angeles Clippers,97,Sacramento Kings,95,Box Score,,17583,
Sat Nov 25 2017,9:00p,Milwaukee Bucks,108,Utah Jazz,121,Box Score,,17298,
Sat Nov 25 2017,7:00p,Portland Trail Blazers,108,Washington Wizards,105,Box Score,,18092,
Sun Nov 26 2017,3:30p,Miami Heat,100,Chicago Bulls,93,Box Score,,20928,
Sun Nov 26 2017,6:00p,Brooklyn Nets,98,Memphis Grizzlies,88,Box Score,,14889,
Sun Nov 26 2017,3:30p,Phoenix Suns,108,Minnesota Timberwolves,119,Box Score,,16448,
Mon Nov 27 2017,7:30p,Detroit Pistons,118,Boston Celtics,108,Box Score,,18624,
Mon Nov 27 2017,10:30p,Sacramento Kings,110,Golden State Warriors,106,Box Score,,19596,
Mon Nov 27 2017,8:00p,Brooklyn Nets,103,Houston Rockets,117,Box Score,,16189,
Mon Nov 27 2017,7:00p,Orlando Magic,109,Indiana Pacers,121,Box Score,,12501,
Mon Nov 27 2017,10:30p,Los Angeles Lakers,115,Los Angeles Clippers,120,Box Score,,18086,
Mon Nov 27 2017,7:30p,Portland Trail Blazers,103,New York Knicks,91,Box Score,,18409,
Mon Nov 27 2017,7:00p,Cleveland Cavaliers,113,Philadelphia 76ers,91,Box Score,,20527,
Mon Nov 27 2017,8:30p,Dallas Mavericks,108,San Antonio Spurs,115,Box Score,,17918,
Tue Nov 28 2017,8:00p,Phoenix Suns,104,Chicago Bulls,99,Box Score,,18324,
Tue Nov 28 2017,7:00p,Miami Heat,97,Cleveland Cavaliers,108,Box Score,,20562,
Tue Nov 28 2017,8:00p,Washington Wizards,92,Minnesota Timberwolves,89,Box Score,,13442,
Tue Nov 28 2017,10:00p,Milwaukee Bucks,112,Sacramento Kings,87,Box Score,,17583,
Tue Nov 28 2017,10:00p,Denver Nuggets,77,Utah Jazz,106,Box Score,,16790,
Wed Nov 29 2017,8:30p,Brooklyn Nets,109,Dallas Mavericks,104,Box Score,,19327,
Wed Nov 29 2017,7:00p,Phoenix Suns,107,Detroit Pistons,131,Box Score,,18096,
Wed Nov 29 2017,8:00p,Indiana Pacers,97,Houston Rockets,118,Box Score,,16760,
Wed Nov 29 2017,10:30p,Golden State Warriors,127,Los Angeles Lakers,123,Box Score,OT,18997,
Wed Nov 29 2017,8:00p,Minnesota Timberwolves,120,New Orleans Pelicans,102,Box Score,,15555,
Wed Nov 29 2017,7:30p,Miami Heat,86,New York Knicks,115,Box Score,,17693,
Wed Nov 29 2017,7:00p,Oklahoma City Thunder,108,Orlando Magic,121,Box Score,,17797,
Wed Nov 29 2017,7:00p,Washington Wizards,113,Philadelphia 76ers,118,Box Score,,20492,
Wed Nov 29 2017,8:30p,Memphis Grizzlies,95,San Antonio Spurs,104,Box Score,,18013,
Wed Nov 29 2017,7:30p,Charlotte Hornets,113,Toronto Raptors,126,Box Score,,19800,
Thu Nov 30 2017,7:30p,Cleveland Cavaliers,121,Atlanta Hawks,114,Box Score,,16379,
Thu Nov 30 2017,7:30p,Philadelphia 76ers,97,Boston Celtics,108,Box Score,,18624,
Thu Nov 30 2017,9:00p,Chicago Bulls,110,Denver Nuggets,111,Box Score,,15156,
Thu Nov 30 2017,10:30p,Utah Jazz,126,Los Angeles Clippers,107,Box Score,,15139,
Thu Nov 30 2017,10:00p,Milwaukee Bucks,103,Portland Trail Blazers,91,Box Score,,19459,
Fri Dec 1 2017,8:00p,Sacramento Kings,107,Chicago Bulls,106,Box Score,,19268,
Fri Dec 1 2017,8:00p,San Antonio Spurs,95,Memphis Grizzlies,79,Box Score,,16413,
Fri Dec 1 2017,8:00p,Charlotte Hornets,100,Miami Heat,105,Box Score,,19600,
Fri Dec 1 2017,8:00p,Minnesota Timberwolves,107,Oklahoma City Thunder,111,Box Score,,18203,
Fri Dec 1 2017,7:00p,Golden State Warriors,133,Orlando Magic,112,Box Score,,18846,
Fri Dec 1 2017,7:30p,Indiana Pacers,115,Toronto Raptors,120,Box Score,,19800,
Fri Dec 1 2017,9:00p,New Orleans Pelicans,108,Utah Jazz,114,Box Score,,17725,
Fri Dec 1 2017,7:00p,Detroit Pistons,91,Washington Wizards,109,Box Score,,17885,
Sat Dec 2 2017,1:00p,Phoenix Suns,111,Boston Celtics,116,Box Score,,18624,
Sat Dec 2 2017,3:00p,Atlanta Hawks,114,Brooklyn Nets,102,Box Score,,13949,
Sat Dec 2 2017,7:30p,Memphis Grizzlies,111,Cleveland Cavaliers,116,Box Score,,20562,
Sat Dec 2 2017,2:00p,Los Angeles Clippers,82,Dallas Mavericks,108,Box Score,,19245,
Sat Dec 2 2017,9:00p,Los Angeles Lakers,100,Denver Nuggets,115,Box Score,,19520,
Sat Dec 2 2017,8:30p,Sacramento Kings,104,Milwaukee Bucks,109,Box Score,,15581,
Sat Dec 2 2017,7:30p,Detroit Pistons,103,Philadelphia 76ers,108,Box Score,,20562,
Sat Dec 2 2017,10:00p,New Orleans Pelicans,123,Portland Trail Blazers,116,Box Score,,18730,
Sun Dec 3 2017,9:30p,Houston Rockets,118,Los Angeles Lakers,95,Box Score,,18997,
Sun Dec 3 2017,7:00p,Golden State Warriors,123,Miami Heat,95,Box Score,,19600,
Sun Dec 3 2017,7:00p,Los Angeles Clippers,106,Minnesota Timberwolves,112,Box Score,,13172,
Sun Dec 3 2017,3:30p,Orlando Magic,105,New York Knicks,100,Box Score,,19082,
Sun Dec 3 2017,7:00p,San Antonio Spurs,87,Oklahoma City Thunder,90,Box Score,,18203,
Mon Dec 4 2017,7:30p,Brooklyn Nets,110,Atlanta Hawks,90,Box Score,,12056,
Mon Dec 4 2017,7:30p,Milwaukee Bucks,100,Boston Celtics,111,Box Score,,18624,
Mon Dec 4 2017,8:00p,Cleveland Cavaliers,113,Chicago Bulls,91,Box Score,,21323,
Mon Dec 4 2017,7:00p,Orlando Magic,94,Charlotte Hornets,104,Box Score,,14419,
Mon Dec 4 2017,8:30p,Denver Nuggets,105,Dallas Mavericks,122,Box Score,,19419,
Mon Dec 4 2017,7:00p,New York Knicks,97,Indiana Pacers,115,Box Score,,12018,
Mon Dec 4 2017,8:00p,Minnesota Timberwolves,92,Memphis Grizzlies,95,Box Score,,14012,
Mon Dec 4 2017,8:00p,Golden State Warriors,125,New Orleans Pelicans,115,Box Score,,17004,
Mon Dec 4 2017,7:00p,Phoenix Suns,115,Philadelphia 76ers,101,Box Score,,20564,
Mon Dec 4 2017,8:30p,Detroit Pistons,93,San Antonio Spurs,96,Box Score,,18288,
Mon Dec 4 2017,9:00p,Washington Wizards,69,Utah Jazz,116,Box Score,,17227,
Tue Dec 5 2017,8:00p,Utah Jazz,94,Oklahoma City Thunder,100,Box Score,,18203,
Tue Dec 5 2017,10:00p,Washington Wizards,106,Portland Trail Blazers,92,Box Score,,19241,
Tue Dec 5 2017,7:30p,Phoenix Suns,113,Toronto Raptors,126,Box Score,,19800,
Wed Dec 6 2017,7:30p,Dallas Mavericks,90,Boston Celtics,97,Box Score,,18624,
Wed Dec 6 2017,8:00p,Golden State Warriors,101,Charlotte Hornets,87,Box Score,,19334,
Wed Dec 6 2017,7:00p,Sacramento Kings,95,Cleveland Cavaliers,101,Box Score,,20562,
Wed Dec 6 2017,7:00p,Chicago Bulls,96,Indiana Pacers,98,Box Score,,13013,
Wed Dec 6 2017,10:30p,Minnesota Timberwolves,113,Los Angeles Clippers,107,Box Score,,15951,
Wed Dec 6 2017,8:00p,Detroit Pistons,100,Milwaukee Bucks,104,Box Score,,15841,
Wed Dec 6 2017,8:00p,Denver Nuggets,114,New Orleans Pelicans,123,Box Score,,15353,
Wed Dec 6 2017,7:30p,Memphis Grizzlies,88,New York Knicks,99,Box Score,,19812,
Wed Dec 6 2017,7:00p,Atlanta Hawks,106,Orlando Magic,110,Box Score,OT,16167,
Wed Dec 6 2017,8:30p,Miami Heat,105,San Antonio Spurs,117,Box Score,,18252,
Thu Dec 7 2017,10:00p,Oklahoma City Thunder,95,Brooklyn Nets,100,Box Score,,20562,at Mexico City Mexico
Thu Dec 7 2017,8:00p,Los Angeles Lakers,107,Philadelphia 76ers,104,Box Score,,20495,
Thu Dec 7 2017,9:00p,Washington Wizards,109,Phoenix Suns,99,Box Score,,15925,
Thu Dec 7 2017,10:30p,Houston Rockets,112,Utah Jazz,101,Box Score,,18306,
Fri Dec 8 2017,7:00p,Chicago Bulls,119,Charlotte Hornets,111,Box Score,OT,14077,
Fri Dec 8 2017,7:00p,Golden State Warriors,102,Detroit Pistons,98,Box Score,,20491,
Fri Dec 8 2017,7:00p,Cleveland Cavaliers,102,Indiana Pacers,106,Box Score,,17032,
Fri Dec 8 2017,8:00p,Toronto Raptors,116,Memphis Grizzlies,107,Box Score,,15417,
Fri Dec 8 2017,8:00p,Dallas Mavericks,102,Milwaukee Bucks,109,Box Score,,15889,
Fri Dec 8 2017,8:00p,Sacramento Kings,116,New Orleans Pelicans,109,Box Score,OT,15019,
Fri Dec 8 2017,7:00p,Denver Nuggets,103,Orlando Magic,89,Box Score,,16024,
Fri Dec 8 2017,9:30p,Boston Celtics,102,San Antonio Spurs,105,Box Score,,18418,
Sat Dec 9 2017,7:30p,Orlando Magic,110,Atlanta Hawks,117,Box Score,,12719,
Sat Dec 9 2017,6:00p,Miami Heat,101,Brooklyn Nets,89,Box Score,,19777,at Mexico City Mexico
Sat Dec 9 2017,8:00p,New York Knicks,102,Chicago Bulls,104,Box Score,,20149,
Sat Dec 9 2017,7:00p,Los Angeles Lakers,110,Charlotte Hornets,99,Box Score,,19320,
Sat Dec 9 2017,8:00p,Philadelphia 76ers,98,Cleveland Cavaliers,105,Box Score,,20562,
Sat Dec 9 2017,3:30p,Washington Wizards,112,Los Angeles Clippers,113,Box Score,,15739,
Sat Dec 9 2017,9:00p,Oklahoma City Thunder,102,Memphis Grizzlies,101,Box Score,OT,17794,
Sat Dec 9 2017,8:30p,Utah Jazz,100,Milwaukee Bucks,117,Box Score,,16675,
Sat Dec 9 2017,9:00p,San Antonio Spurs,104,Phoenix Suns,101,Box Score,,16575,
Sat Dec 9 2017,10:00p,Houston Rockets,124,Portland Trail Blazers,117,Box Score,,19503,
Sun Dec 10 2017,4:00p,Boston Celtics,91,Detroit Pistons,81,Box Score,,18776,
Sun Dec 10 2017,5:00p,Denver Nuggets,116,Indiana Pacers,126,Box Score,OT,14587,
Sun Dec 10 2017,7:00p,Dallas Mavericks,92,Minnesota Timberwolves,97,Box Score,,13094,
Sun Dec 10 2017,7:00p,Philadelphia 76ers,124,New Orleans Pelicans,131,Box Score,,16878,
Sun Dec 10 2017,7:30p,Atlanta Hawks,107,New York Knicks,111,Box Score,,19189,
Sun Dec 10 2017,3:30p,Toronto Raptors,102,Sacramento Kings,87,Box Score,,17583,
Mon Dec 11 2017,8:00p,Boston Celtics,85,Chicago Bulls,108,Box Score,,19617,
Mon Dec 11 2017,10:30p,Portland Trail Blazers,104,Golden State Warriors,111,Box Score,,19596,
Mon Dec 11 2017,8:00p,New Orleans Pelicans,123,Houston Rockets,130,Box Score,,18055,
Mon Dec 11 2017,10:30p,Toronto Raptors,91,Los Angeles Clippers,96,Box Score,,16658,
Mon Dec 11 2017,8:00p,Miami Heat,107,Memphis Grizzlies,82,Box Score,,14857,
Mon Dec 11 2017,8:00p,Charlotte Hornets,116,Oklahoma City Thunder,103,Box Score,,18203,
Tue Dec 12 2017,7:30p,Washington Wizards,98,Brooklyn Nets,103,Box Score,,14515,
Tue Dec 12 2017,7:00p,Atlanta Hawks,114,Cleveland Cavaliers,123,Box Score,,20562,
Tue Dec 12 2017,8:30p,San Antonio Spurs,89,Dallas Mavericks,95,Box Score,,19874,
Tue Dec 12 2017,7:00p,Denver Nuggets,103,Detroit Pistons,84,Box Score,,15480,
Tue Dec 12 2017,9:30p,Philadelphia 76ers,118,Minnesota Timberwolves,112,Box Score,OT,14659,
Tue Dec 12 2017,7:00p,Los Angeles Lakers,109,New York Knicks,113,Box Score,OT,19359,
Tue Dec 12 2017,10:00p,Phoenix Suns,92,Sacramento Kings,99,Box Score,,17583,
Wed Dec 13 2017,7:30p,Denver Nuggets,118,Boston Celtics,124,Box Score,,18624,
Wed Dec 13 2017,8:00p,Utah Jazz,100,Chicago Bulls,103,Box Score,,18102,
Wed Dec 13 2017,9:30p,Charlotte Hornets,96,Houston Rockets,108,Box Score,,16509,
Wed Dec 13 2017,7:00p,Oklahoma City Thunder,100,Indiana Pacers,95,Box Score,,17923,
Wed Dec 13 2017,7:30p,Portland Trail Blazers,102,Miami Heat,95,Box Score,,19600,
Wed Dec 13 2017,8:00p,Milwaukee Bucks,108,New Orleans Pelicans,115,Box Score,,16863,
Wed Dec 13 2017,7:00p,Los Angeles Clippers,106,Orlando Magic,95,Box Score,,16011,
Wed Dec 13 2017,9:00p,Toronto Raptors,115,Phoenix Suns,109,Box Score,,15517,
Wed Dec 13 2017,7:00p,Memphis Grizzlies,87,Washington Wizards,93,Box Score,,15297,
Thu Dec 14 2017,7:30p,Detroit Pistons,105,Atlanta Hawks,91,Box Score,,13548,
Thu Dec 14 2017,7:30p,New York Knicks,111,Brooklyn Nets,104,Box Score,,17732,
Thu Dec 14 2017,8:00p,Los Angeles Lakers,112,Cleveland Cavaliers,121,Box Score,,20562,
Thu Dec 14 2017,10:30p,Dallas Mavericks,97,Golden State Warriors,112,Box Score,,19596,
Thu Dec 14 2017,8:00p,Sacramento Kings,96,Minnesota Timberwolves,119,Box Score,,11126,
Fri Dec 15 2017,7:30p,Utah Jazz,107,Boston Celtics,95,Box Score,,18624,
Fri Dec 15 2017,7:00p,Miami Heat,104,Charlotte Hornets,98,Box Score,,15565,
Fri Dec 15 2017,9:00p,New Orleans Pelicans,111,Denver Nuggets,117,Box Score,OT,17584,
Fri Dec 15 2017,9:30p,San Antonio Spurs,109,Houston Rockets,124,Box Score,,18055,
Fri Dec 15 2017,7:00p,Detroit Pistons,104,Indiana Pacers,98,Box Score,,14687,
Fri Dec 15 2017,8:00p,Atlanta Hawks,94,Memphis Grizzlies,96,Box Score,,15803,
Fri Dec 15 2017,8:00p,Chicago Bulls,115,Milwaukee Bucks,109,Box Score,,16921,
Fri Dec 15 2017,7:00p,Portland Trail Blazers,95,Orlando Magic,88,Box Score,,16963,
Fri Dec 15 2017,7:00p,Oklahoma City Thunder,119,Philadelphia 76ers,117,Box Score,3OT,20612,
Fri Dec 15 2017,7:30p,Brooklyn Nets,87,Toronto Raptors,120,Box Score,,19800,
Fri Dec 15 2017,7:00p,Los Angeles Clippers,91,Washington Wizards,100,Box Score,,15442,
Sat Dec 16 2017,7:00p,Portland Trail Blazers,93,Charlotte Hornets,91,Box Score,,16687,
Sat Dec 16 2017,7:30p,Utah Jazz,100,Cleveland Cavaliers,109,Box Score,,20562,
Sat Dec 16 2017,8:00p,Milwaukee Bucks,111,Houston Rockets,115,Box Score,,18055,
Sat Dec 16 2017,9:00p,Boston Celtics,102,Memphis Grizzlies,93,Box Score,,17794,
Sat Dec 16 2017,8:00p,Los Angeles Clippers,85,Miami Heat,90,Box Score,,19600,
Sat Dec 16 2017,8:00p,Phoenix Suns,108,Minnesota Timberwolves,106,Box Score,,18109,
Sat Dec 16 2017,7:30p,Oklahoma City Thunder,96,New York Knicks,111,Box Score,,19812,
Sat Dec 16 2017,8:30p,Dallas Mavericks,96,San Antonio Spurs,98,Box Score,,18418,
Sun Dec 17 2017,6:00p,Indiana Pacers,109,Brooklyn Nets,97,Box Score,,13934,
Sun Dec 17 2017,4:00p,Orlando Magic,110,Detroit Pistons,114,Box Score,,16312,
Sun Dec 17 2017,3:30p,Sacramento Kings,93,Toronto Raptors,108,Box Score,,19800,
Sun Dec 17 2017,6:00p,Cleveland Cavaliers,106,Washington Wizards,99,Box Score,,20356,
Mon Dec 18 2017,7:30p,Miami Heat,104,Atlanta Hawks,110,Box Score,,14227,
Mon Dec 18 2017,8:00p,Philadelphia 76ers,115,Chicago Bulls,117,Box Score,,20796,
Mon Dec 18 2017,7:00p,New York Knicks,91,Charlotte Hornets,109,Box Score,,15386,
Mon Dec 18 2017,8:30p,Phoenix Suns,97,Dallas Mavericks,91,Box Score,,19245,
Mon Dec 18 2017,8:00p,Utah Jazz,99,Houston Rockets,120,Box Score,,18055,
Mon Dec 18 2017,7:00p,Boston Celtics,112,Indiana Pacers,111,Box Score,,16055,
Mon Dec 18 2017,10:30p,Golden State Warriors,116,Los Angeles Lakers,114,Box Score,OT,18997,
Mon Dec 18 2017,8:00p,Portland Trail Blazers,107,Minnesota Timberwolves,108,Box Score,,14187,
Mon Dec 18 2017,8:00p,Denver Nuggets,94,Oklahoma City Thunder,95,Box Score,,18203,
Mon Dec 18 2017,8:30p,Los Angeles Clippers,91,San Antonio Spurs,109,Box Score,,18418,
Tue Dec 19 2017,8:00p,Cleveland Cavaliers,116,Milwaukee Bucks,119,Box Score,,18717,
Tue Dec 19 2017,7:00p,Sacramento Kings,101,Philadelphia 76ers,95,Box Score,,20558,
Tue Dec 19 2017,7:00p,New Orleans Pelicans,106,Washington Wizards,116,Box Score,,16529,
Wed Dec 20 2017,7:30p,Indiana Pacers,105,Atlanta Hawks,95,Box Score,,14830,
Wed Dec 20 2017,7:30p,Miami Heat,90,Boston Celtics,89,Box Score,,18624,
Wed Dec 20 2017,7:30p,Sacramento Kings,104,Brooklyn Nets,99,Box Score,,13179,
Wed Dec 20 2017,8:00p,Orlando Magic,94,Chicago Bulls,112,Box Score,,20285,
Wed Dec 20 2017,7:00p,Toronto Raptors,129,Charlotte Hornets,111,Box Score,,15023,
Wed Dec 20 2017,8:30p,Detroit Pistons,93,Dallas Mavericks,110,Box Score,,19580,
Wed Dec 20 2017,9:00p,Minnesota Timberwolves,112,Denver Nuggets,104,Box Score,,17002,
Wed Dec 20 2017,10:30p,Memphis Grizzlies,84,Golden State Warriors,97,Box Score,,19596,
Wed Dec 20 2017,8:00p,Los Angeles Lakers,122,Houston Rockets,116,Box Score,,18055,
Wed Dec 20 2017,10:30p,Phoenix Suns,95,Los Angeles Clippers,108,Box Score,,17151,
Wed Dec 20 2017,8:00p,Utah Jazz,79,Oklahoma City Thunder,107,Box Score,,18203,
Wed Dec 20 2017,10:00p,San Antonio Spurs,93,Portland Trail Blazers,91,Box Score,,19393,
Thu Dec 21 2017,7:00p,Chicago Bulls,112,Cleveland Cavaliers,115,Box Score,,20562,
Thu Dec 21 2017,8:00p,Boston Celtics,93,New York Knicks,102,Box Score,,19812,
Thu Dec 21 2017,7:00p,Toronto Raptors,114,Philadelphia 76ers,109,Box Score,,20680,
Thu Dec 21 2017,9:00p,Memphis Grizzlies,95,Phoenix Suns,97,Box Score,,16339,
Thu Dec 21 2017,10:30p,San Antonio Spurs,89,Utah Jazz,100,Box Score,,18306,
Fri Dec 22 2017,7:30p,Washington Wizards,84,Brooklyn Nets,119,Box Score,,15589,
Fri Dec 22 2017,7:00p,New York Knicks,101,Detroit Pistons,104,Box Score,,16922,
Fri Dec 22 2017,10:30p,Los Angeles Lakers,106,Golden State Warriors,113,Box Score,,19596,
Fri Dec 22 2017,8:00p,Los Angeles Clippers,128,Houston Rockets,118,Box Score,,18055,
Fri Dec 22 2017,8:00p,Dallas Mavericks,101,Miami Heat,113,Box Score,,19600,
Fri Dec 22 2017,8:00p,Charlotte Hornets,104,Milwaukee Bucks,109,Box Score,,17018,
Fri Dec 22 2017,8:00p,Atlanta Hawks,117,Oklahoma City Thunder,120,Box Score,,18203,
Fri Dec 22 2017,7:00p,New Orleans Pelicans,111,Orlando Magic,97,Box Score,,18846,
Fri Dec 22 2017,10:00p,Denver Nuggets,102,Portland Trail Blazers,85,Box Score,,19473,
Sat Dec 23 2017,7:30p,Dallas Mavericks,107,Atlanta Hawks,112,Box Score,,13402,
Sat Dec 23 2017,7:30p,Chicago Bulls,92,Boston Celtics,117,Box Score,,18624,
Sat Dec 23 2017,7:00p,Milwaukee Bucks,106,Charlotte Hornets,111,Box Score,,18363,
Sat Dec 23 2017,8:30p,Denver Nuggets,96,Golden State Warriors,81,Box Score,,19596,
Sat Dec 23 2017,7:00p,Brooklyn Nets,119,Indiana Pacers,123,Box Score,OT,17107,
Sat Dec 23 2017,9:30p,Portland Trail Blazers,95,Los Angeles Lakers,92,Box Score,,18997,
Sat Dec 23 2017,8:00p,Los Angeles Clippers,112,Memphis Grizzlies,115,Box Score,,16844,
Sat Dec 23 2017,8:00p,New Orleans Pelicans,109,Miami Heat,94,Box Score,,19600,
Sat Dec 23 2017,9:00p,Minnesota Timberwolves,115,Phoenix Suns,106,Box Score,,16482,
Sat Dec 23 2017,10:00p,San Antonio Spurs,108,Sacramento Kings,99,Box Score,,17583,
Sat Dec 23 2017,5:00p,Philadelphia 76ers,86,Toronto Raptors,102,Box Score,,19800,
Sat Dec 23 2017,8:00p,Oklahoma City Thunder,103,Utah Jazz,89,Box Score,,18306,
Sat Dec 23 2017,7:00p,Orlando Magic,103,Washington Wizards,130,Box Score,,17218,
Mon Dec 25 2017,5:30p,Washington Wizards,111,Boston Celtics,103,Box Score,,18624,
Mon Dec 25 2017,3:00p,Cleveland Cavaliers,92,Golden State Warriors,99,Box Score,,19596,
Mon Dec 25 2017,10:30p,Minnesota Timberwolves,121,Los Angeles Lakers,104,Box Score,,18997,
Mon Dec 25 2017,12:00p,Philadelphia 76ers,105,New York Knicks,98,Box Score,,19812,
Mon Dec 25 2017,8:00p,Houston Rockets,107,Oklahoma City Thunder,112,Box Score,,18203,
Tue Dec 26 2017,7:00p,Toronto Raptors,93,Dallas Mavericks,98,Box Score,,20005,
Tue Dec 26 2017,9:00p,Utah Jazz,83,Denver Nuggets,107,Box Score,,17104,
Tue Dec 26 2017,7:00p,Indiana Pacers,83,Detroit Pistons,107,Box Score,,20491,
Tue Dec 26 2017,10:30p,Sacramento Kings,95,Los Angeles Clippers,122,Box Score,,16393,
Tue Dec 26 2017,7:30p,Orlando Magic,89,Miami Heat,107,Box Score,,19600,
Tue Dec 26 2017,8:00p,Chicago Bulls,115,Milwaukee Bucks,106,Box Score,,18717,
Tue Dec 26 2017,9:00p,Memphis Grizzlies,97,Phoenix Suns,99,Box Score,,17105,
Tue Dec 26 2017,8:30p,Brooklyn Nets,97,San Antonio Spurs,109,Box Score,,18492,
Wed Dec 27 2017,7:30p,Washington Wizards,99,Atlanta Hawks,113,Box Score,,15763,
Wed Dec 27 2017,8:00p,New York Knicks,87,Chicago Bulls,92,Box Score,,21883,
Wed Dec 27 2017,7:00p,Boston Celtics,102,Charlotte Hornets,91,Box Score,,19611,
Wed Dec 27 2017,10:30p,Utah Jazz,101,Golden State Warriors,126,Box Score,,19596,
Wed Dec 27 2017,7:00p,Dallas Mavericks,98,Indiana Pacers,94,Box Score,,17923,
Wed Dec 27 2017,10:30p,Memphis Grizzlies,109,Los Angeles Lakers,99,Box Score,,18997,
Wed Dec 27 2017,8:00p,Denver Nuggets,125,Minnesota Timberwolves,128,Box Score,OT,18978,
Wed Dec 27 2017,8:00p,Brooklyn Nets,113,New Orleans Pelicans,128,Box Score,,16707,
Wed Dec 27 2017,8:00p,Toronto Raptors,107,Oklahoma City Thunder,124,Box Score,,18203,
Wed Dec 27 2017,10:00p,Cleveland Cavaliers,95,Sacramento Kings,109,Box Score,,17583,
Thu Dec 28 2017,8:00p,Houston Rockets,98,Boston Celtics,99,Box Score,,18624,
Thu Dec 28 2017,8:00p,Minnesota Timberwolves,96,Milwaukee Bucks,102,Box Score,,18717,
Thu Dec 28 2017,7:00p,Detroit Pistons,89,Orlando Magic,102,Box Score,,18846,
Thu Dec 28 2017,10:30p,Philadelphia 76ers,110,Portland Trail Blazers,114,Box Score,,20104,
Thu Dec 28 2017,8:30p,New York Knicks,107,San Antonio Spurs,119,Box Score,,18935,
Fri Dec 29 2017,8:00p,Indiana Pacers,107,Chicago Bulls,119,Box Score,,21178,
Fri Dec 29 2017,10:30p,Charlotte Hornets,111,Golden State Warriors,100,Box Score,,19596,
Fri Dec 29 2017,10:30p,Los Angeles Clippers,121,Los Angeles Lakers,106,Box Score,,18997,
Fri Dec 29 2017,8:00p,Brooklyn Nets,111,Miami Heat,87,Box Score,,19600,
Fri Dec 29 2017,8:00p,Dallas Mavericks,128,New Orleans Pelicans,120,Box Score,,16878,
Fri Dec 29 2017,8:00p,Milwaukee Bucks,97,Oklahoma City Thunder,95,Box Score,,18203,
Fri Dec 29 2017,10:00p,Phoenix Suns,111,Sacramento Kings,101,Box Score,,17583,
Fri Dec 29 2017,7:30p,Atlanta Hawks,98,Toronto Raptors,111,Box Score,,19800,
Fri Dec 29 2017,7:00p,Houston Rockets,103,Washington Wizards,121,Box Score,,20356,
Sat Dec 30 2017,7:30p,Portland Trail Blazers,89,Atlanta Hawks,104,Box Score,,15877,
Sat Dec 30 2017,9:00p,Philadelphia 76ers,107,Denver Nuggets,102,Box Score,,19599,
Sat Dec 30 2017,7:00p,San Antonio Spurs,79,Detroit Pistons,93,Box Score,,19671,
Sat Dec 30 2017,8:30p,Memphis Grizzlies,128,Golden State Warriors,141,Box Score,,19596,
Sat Dec 30 2017,7:00p,New York Knicks,105,New Orleans Pelicans,103,Box Score,,16947,
Sat Dec 30 2017,7:00p,Miami Heat,117,Orlando Magic,111,Box Score,,18846,
Sat Dec 30 2017,8:00p,Cleveland Cavaliers,101,Utah Jazz,104,Box Score,,18306,
Sun Dec 31 2017,5:30p,Brooklyn Nets,105,Boston Celtics,108,Box Score,,18624,
Sun Dec 31 2017,7:00p,Los Angeles Lakers,142,Houston Rockets,148,Box Score,2OT,18179,
Sun Dec 31 2017,5:00p,Minnesota Timberwolves,107,Indiana Pacers,90,Box Score,,17923,
Sun Dec 31 2017,7:00p,Charlotte Hornets,98,Los Angeles Clippers,106,Box Score,,17348,
Sun Dec 31 2017,7:00p,Dallas Mavericks,116,Oklahoma City Thunder,113,Box Score,,18203,
Sun Dec 31 2017,8:00p,Philadelphia 76ers,123,Phoenix Suns,110,Box Score,,16983,
Sun Dec 31 2017,7:00p,Memphis Grizzlies,114,Sacramento Kings,96,Box Score,,17583,
Sun Dec 31 2017,3:30p,Chicago Bulls,110,Washington Wizards,114,Box Score,,20356,